INSERT INTO question (number, text) VALUES (1, '¿Qué es un objeto en Java?');
INSERT INTO question (number, text) VALUES (2, '¿Qué palabra reservada es usada para crear un objeto en Java?');
INSERT INTO question (number, text) VALUES (3, '¿Qué es una clase en Java?');
INSERT INTO question (number, text) VALUES (4, 'En java, ¿qué representa el método ''main''?');
INSERT INTO question (number, text) VALUES (5, '¿Qué es encapsulamiento en Java?');
INSERT INTO question (number, text) VALUES (6, '¿Cuál de las siguientes es la forma correcta de definir un constructor para la clase ''Person''?');
INSERT INTO question (number, text) VALUES (7, 'Si la clase ''B'' extiende la clase ''A'', ¿cuál clase es la superclase?');
INSERT INTO question (number, text) VALUES (8, '¿Qué es sobreescritura (overriding) de métodos en Java?');
INSERT INTO question (number, text) VALUES (9, '¿Qué principio de la Programación Orientada a Objetos (OOP) es demostrado cuando una referencia a una superclase es usada para referirse a un objeto subclase?');
INSERT INTO question (number, text) VALUES (10, '¿Qué palabra reservada es usada en Java para heredar de una clase?');
INSERT INTO question (number, text) VALUES (11, 'En Java, ¿qué significa una relación ''uno a uno''?');
INSERT INTO question (number, text) VALUES (12, '¿Cuál de las siguientes es una interfaz (interface) en Java?');
INSERT INTO question (number, text) VALUES (13, 'Una clase que sobreescribe los métodos abstractos de una interfaz _________ dicha interfaz.');
INSERT INTO question (number, text) VALUES (14, 'En una relación ''uno a muchos'', ¿a qué se refiere ''muchos''?');
INSERT INTO question (number, text) VALUES (15, '¿Cuál de las siguientes definiciones mejor describe a una clase abstracta?');
INSERT INTO question (number, text) VALUES (16, '¿Cómo se puede lograr múltiple herencia en Java?');
INSERT INTO question (number, text) VALUES (17, '¿Qué es polimorfismo en Java?');
INSERT INTO question (number, text) VALUES (18, '¿Cuál de las siguientes es una característica de las interfaces en Java?');
INSERT INTO question (number, text) VALUES (19, '¿En una relación ''muchos a uno'' en Java, ¿cómo están las clases relacionadas?');
INSERT INTO question (number, text) VALUES (20, '¿Qué principio utiliza Java para permitir a un objeto ser tratado como una instancia de la clase que lo implementa o extiende?');
INSERT INTO question (number, text) VALUES (21, '¿Qué es el Java Collections Framework (o API)?');
INSERT INTO question (number, text) VALUES (22, '¿Cuál de los siguientes es un tipo de colección en Java?');
INSERT INTO question (number, text) VALUES (23, '¿Qué es una excepción en Java?');
INSERT INTO question (number, text) VALUES (24, '¿Cuál de los siguientes métodos sirve para agregar un elemento en un HashMap en Java?');
INSERT INTO question (number, text) VALUES (25, '¿Cómo se manejan excepciones en Java?');
INSERT INTO question (number, text) VALUES (26, '¿Cuál es la diferencia entre ''List'' y ''Set'' en Java?');
INSERT INTO question (number, text) VALUES (27, '¿Cuál de los siguientes no hace parte del Java Collections Framework?');
INSERT INTO question (number, text) VALUES (28, '¿Qué es un ''NullPointerException'' en Java?');
INSERT INTO question (number, text) VALUES (29, '¿Cuál de las siguientes no es una interfaz en Java?');
INSERT INTO question (number, text) VALUES (30, '¿Qué hace el bloque ''finally'' dentro de una estructura ''try-catch''?');
INSERT INTO question (number, text) VALUES (31, '¿Qué significa JDBC?');
INSERT INTO question (number, text) VALUES (32, '¿Cuál de los siguientes es un componente JDBC?');
INSERT INTO question (number, text) VALUES (33, '¿Qué es SQL?');
INSERT INTO question (number, text) VALUES (34, '¿Qué método es usado para ejecutar una consulta SQL en JDBC?');
INSERT INTO question (number, text) VALUES (35, '¿Qué representa un ''PreparedStatement'' en JDBC?');
INSERT INTO question (number, text) VALUES (36, '¿Qué cláusula SQL es utilizada para filtrar registros?');
INSERT INTO question (number, text) VALUES (37, '¿Cuál es la función del Driver en JDBC?');
INSERT INTO question (number, text) VALUES (38, '¿Cuál de los siguientes no es un componente del API de JDBC?');
INSERT INTO question (number, text) VALUES (39, '¿Qué representa un objeto ''ResultSet'' en JDBC?');
INSERT INTO question (number, text) VALUES (40, '¿Qué significa JPA?');
INSERT INTO question (number, text) VALUES (41, '¿Cuál de las siguientes es la función principal de JPA?');
INSERT INTO question (number, text) VALUES (42, '¿Qué es una entidad en JPA?');
INSERT INTO question (number, text) VALUES (43, '¿En SQL qué es una llave primaria?');
INSERT INTO question (number, text) VALUES (44, '¿Cómo se definen relaciones entre entidades en JPA?');
INSERT INTO question (number, text) VALUES (45, '¿Qué sentencia SQL es usada para eliminar filas de una tabla?');
INSERT INTO question (number, text) VALUES (46, '¿Cuál es el propósito del ''EntityManager'' en JPA?');
INSERT INTO question (number, text) VALUES (47, '¿Cuál anotación es utilizada para definir una llave primaria en JPA?');
INSERT INTO question (number, text) VALUES (48, '¿Cuál es la función de la cláusula ''JOIN'' en SQL?');
INSERT INTO question (number, text) VALUES (49, '¿Cómo son las transacciones usualmente manejadas en JPA?');
INSERT INTO question (number, text) VALUES (50, '¿Para qué es usado principalmente JUnit?');
INSERT INTO question (number, text) VALUES (51, '¿Qué anotación es utilizada para especificar un método como un método de prueba?');
INSERT INTO question (number, text) VALUES (52, '¿Qué hace el método ''assertEquals'' en JUnit?');
INSERT INTO question (number, text) VALUES (53, '¿Qué es Spring Boot?');
INSERT INTO question (number, text) VALUES (54, '¿Cuál es el propósito principal de Spring MVC?');
INSERT INTO question (number, text) VALUES (55, '¿Qué anotación sirve para crear un controlador para una API RESTful en Spring Boot?');
INSERT INTO question (number, text) VALUES (56, '¿Cuál es la función de la anotación ''@RequestMapping'' en Spring MVC?');
INSERT INTO question (number, text) VALUES (57, '¿Para qué sirve la anotación''@Autowired'' en Spring Boot?');
INSERT INTO question (number, text) VALUES (58, '¿Qué es inyección de dependencias en Spring Boot?');
INSERT INTO question (number, text) VALUES (59, '¿Qué componente de Spring Boot es utilizado para acceder a la capa de datos?');
INSERT INTO question (number, text) VALUES (60, '¿Qué anotación activa Spring Security en Spring Boot?');


INSERT INTO answer_option (option_number, answer, correct, question_number) VALUES (1, 'Un tipo de dato', 0, 1);
INSERT INTO answer_option (option_number, answer, correct, question_number) VALUES (2, 'Una plantilla para creación de clases', 0, 1);
INSERT INTO answer_option (option_number, answer, correct, question_number) VALUES (3, 'Una instancia de una clase', 1, 1);
INSERT INTO answer_option (option_number, answer, correct, question_number) VALUES (4, 'Un tipo de variable', 0, 1);

INSERT INTO answer_option (option_number, answer, correct, question_number) VALUES (1, 'new', 1, 2);
INSERT INTO answer_option (option_number, answer, correct, question_number) VALUES (2, 'class', 0, 2);
INSERT INTO answer_option (option_number, answer, correct, question_number) VALUES (3, 'object', 0, 2);
INSERT INTO answer_option (option_number, answer, correct, question_number) VALUES (4, 'create', 0, 2);

INSERT INTO answer_option (option_number, answer, correct, question_number) VALUES (1, 'Una instancia de un objeto', 0, 3);
INSERT INTO answer_option (option_number, answer, correct, question_number) VALUES (2, 'Un plano para crear objetos', 1, 3);
INSERT INTO answer_option (option_number, answer, correct, question_number) VALUES (3, 'Una declaración de un método', 0, 3);
INSERT INTO answer_option (option_number, answer, correct, question_number) VALUES (4, 'Un tipo de dato', 0, 3);

INSERT INTO answer_option (option_number, answer, correct, question_number) VALUES (1, 'Un método estático necesario en todas las clases', 0, 4);
INSERT INTO answer_option (option_number, answer, correct, question_number) VALUES (2, 'Un método constructor de una clase', 0, 4);
INSERT INTO answer_option (option_number, answer, correct, question_number) VALUES (3, 'El punto inicial de ejecución de un programa', 1, 4);
INSERT INTO answer_option (option_number, answer, correct, question_number) VALUES (4, 'Un método especial privado para iniciar un programa', 0, 4);

INSERT INTO answer_option (option_number, answer, correct, question_number) VALUES (1, 'Dividir un programa en múltiples clases', 0, 5);
INSERT INTO answer_option (option_number, answer, correct, question_number) VALUES (2, 'El proceso de herencia en Programación Orientada a Objetos', 0, 5);
INSERT INTO answer_option (option_number, answer, correct, question_number) VALUES (3, 'Agrupar datos con métodos que operan sobre los datos', 1, 5);
INSERT INTO answer_option (option_number, answer, correct, question_number) VALUES (4, 'Enlazar dos clases utilizando interfaces', 0, 5);

INSERT INTO answer_option (option_number, answer, correct, question_number) VALUES (1, 'void Person() {}', 0, 6);
INSERT INTO answer_option (option_number, answer, correct, question_number) VALUES (2, 'Person() {}', 1, 6);
INSERT INTO answer_option (option_number, answer, correct, question_number) VALUES (3, 'new Person() {}', 0, 6);
INSERT INTO answer_option (option_number, answer, correct, question_number) VALUES (4, 'class Person() {}', 0, 6);

INSERT INTO answer_option (option_number, answer, correct, question_number) VALUES (1, 'Clase A', 1, 7);
INSERT INTO answer_option (option_number, answer, correct, question_number) VALUES (2, 'Clase B', 0, 7);
INSERT INTO answer_option (option_number, answer, correct, question_number) VALUES (3, 'Ambas A y B', 0, 7);
INSERT INTO answer_option (option_number, answer, correct, question_number) VALUES (4, 'Ninguna de las anteriores', 0, 7);

INSERT INTO answer_option (option_number, answer, correct, question_number) VALUES (1, 'Cambiar el tipo de retorno de un método', 0, 8);
INSERT INTO answer_option (option_number, answer, correct, question_number) VALUES (2, 'Sobrecarga de un método dentro de la misma clase', 0, 8);
INSERT INTO answer_option (option_number, answer, correct, question_number) VALUES (3, 'Remover un método de la superclase', 0, 8);
INSERT INTO answer_option (option_number, answer, correct, question_number) VALUES (4, 'Crear una nueva implementación de un método heredado', 1, 8);

INSERT INTO answer_option (option_number, answer, correct, question_number) VALUES (1, 'Encapsulamiento', 0, 9);
INSERT INTO answer_option (option_number, answer, correct, question_number) VALUES (2, 'Herencia', 0, 9);
INSERT INTO answer_option (option_number, answer, correct, question_number) VALUES (3, 'Polimorfismo', 1, 9);
INSERT INTO answer_option (option_number, answer, correct, question_number) VALUES (4, 'Abstracción', 0, 9);

INSERT INTO answer_option (option_number, answer, correct, question_number) VALUES (1, 'inherits', 0, 10);
INSERT INTO answer_option (option_number, answer, correct, question_number) VALUES (2, 'extends', 1, 10);
INSERT INTO answer_option (option_number, answer, correct, question_number) VALUES (3, 'implements', 0, 10);
INSERT INTO answer_option (option_number, answer, correct, question_number) VALUES (4, 'super', 0, 10);

INSERT INTO answer_option (option_number, answer, correct, question_number) VALUES (1, 'Una clase puede tener múltiples instancias de otra clase', 0, 11);
INSERT INTO answer_option (option_number, answer, correct, question_number) VALUES (2, 'Dos clases son completamente independientes una de la otra', 0, 11);
INSERT INTO answer_option (option_number, answer, correct, question_number) VALUES (3, 'Una instancia de una clase está asociada con una instancia de otra clase', 1, 11);
INSERT INTO answer_option (option_number, answer, correct, question_number) VALUES (4, 'Una clase hereda de exactamente una sola clase', 0, 11);

INSERT INTO answer_option (option_number, answer, correct, question_number) VALUES (1, 'Una clase que es usada para crear objetos', 0, 12);
INSERT INTO answer_option (option_number, answer, correct, question_number) VALUES (2, 'Una plantilla para que otras clases hereden de ella', 0, 12);
INSERT INTO answer_option (option_number, answer, correct, question_number) VALUES (3, 'Una colección de métodos abstractos y constantes', 1, 12);
INSERT INTO answer_option (option_number, answer, correct, question_number) VALUES (4, 'Un método abstracto en Java', 0, 12);

INSERT INTO answer_option (option_number, answer, correct, question_number) VALUES (1, 'extiende', 0, 13);
INSERT INTO answer_option (option_number, answer, correct, question_number) VALUES (2, 'abstrae', 0, 13);
INSERT INTO answer_option (option_number, answer, correct, question_number) VALUES (3, 'instancia', 0, 13);
INSERT INTO answer_option (option_number, answer, correct, question_number) VALUES (4, 'implementa', 1, 13);

INSERT INTO answer_option (option_number, answer, correct, question_number) VALUES (1, 'Múltiples métodos en una clase', 0, 14);
INSERT INTO answer_option (option_number, answer, correct, question_number) VALUES (2, 'Varias clases que heredan de una superclase', 0, 14);
INSERT INTO answer_option (option_number, answer, correct, question_number) VALUES (3, 'Múltiples interfaces implementadas por una sola clase', 0, 14);
INSERT INTO answer_option (option_number, answer, correct, question_number) VALUES (4, 'Múltiples instancias de una clase asociadas a una instancia de otra clase', 1, 14);

INSERT INTO answer_option (option_number, answer, correct, question_number) VALUES (1, 'Una clase que no puede ser instanciada y que podría tener métodos abstractos', 1, 15);
INSERT INTO answer_option (option_number, answer, correct, question_number) VALUES (2, 'Una clase que no puede ser instanciada y que contiene métodos abstractos', 0, 15);
INSERT INTO answer_option (option_number, answer, correct, question_number) VALUES (3, 'Una clase con métodos abstractos para ser utilizada con interfaces', 0, 15);
INSERT INTO answer_option (option_number, answer, correct, question_number) VALUES (4, 'Una interfaz que además de tener métodos abstractos puede tener métodos implementados', 0, 15);

INSERT INTO answer_option (option_number, answer, correct, question_number) VALUES (1, 'Extendiendo múltiples clases', 0, 16);
INSERT INTO answer_option (option_number, answer, correct, question_number) VALUES (2, 'Con el uso de interfaces', 1, 16);
INSERT INTO answer_option (option_number, answer, correct, question_number) VALUES (3, 'Java no soporta herencia múltiple de ningún tipo', 0, 16);
INSERT INTO answer_option (option_number, answer, correct, question_number) VALUES (4, 'Creando clases anidadas', 0, 16);

INSERT INTO answer_option (option_number, answer, correct, question_number) VALUES (1, 'Una forma de múltiple herencia de objetos en Java', 0, 17);
INSERT INTO answer_option (option_number, answer, correct, question_number) VALUES (2, 'La posibilidad de un objeto de implementar múltiples interfaces', 0, 17);
INSERT INTO answer_option (option_number, answer, correct, question_number) VALUES (3, '1 y 2 son correctas', 0, 17);
INSERT INTO answer_option (option_number, answer, correct, question_number) VALUES (4, 'Ninguna es correcta', 1, 17);

INSERT INTO answer_option (option_number, answer, correct, question_number) VALUES (1, 'No puede contener métodos implementados (no abstractos)', 0, 18);
INSERT INTO answer_option (option_number, answer, correct, question_number) VALUES (2, 'Puede tener implementaciones de métodos solo si estos son declarados ''static'' o ''default''', 1, 18);
INSERT INTO answer_option (option_number, answer, correct, question_number) VALUES (3, 'Todos sus métodos deben ser abstractos', 0, 18);
INSERT INTO answer_option (option_number, answer, correct, question_number) VALUES (4, 'Solo puede contener métodos abstractos y variables de clase tipo ''final'' (constantes)', 0, 18);

INSERT INTO answer_option (option_number, answer, correct, question_number) VALUES (1, 'Cada clase extiende múltiples clases', 0, 19);
INSERT INTO answer_option (option_number, answer, correct, question_number) VALUES (2, 'Múltiples instancias de una clase están asociadas a múltiples instancias de otra clase', 0, 19);
INSERT INTO answer_option (option_number, answer, correct, question_number) VALUES (3, 'Múltiples clases están asociadas a otra clase', 0, 19);
INSERT INTO answer_option (option_number, answer, correct, question_number) VALUES (4, 'Múltiples instancias de una clase están asociadas a una instancia de otra clase', 1, 19);

INSERT INTO answer_option (option_number, answer, correct, question_number) VALUES (1, 'Abstracción', 0, 20);
INSERT INTO answer_option (option_number, answer, correct, question_number) VALUES (2, 'Herencia', 0, 20);
INSERT INTO answer_option (option_number, answer, correct, question_number) VALUES (3, 'Polimorfismo', 1, 20);
INSERT INTO answer_option (option_number, answer, correct, question_number) VALUES (4, 'No es posible en Java', 0, 20);

INSERT INTO answer_option (option_number, answer, correct, question_number) VALUES (1, 'Un conjunto de clases e interfaces para manejar listas', 0, 21);
INSERT INTO answer_option (option_number, answer, correct, question_number) VALUES (2, 'Una librería para creación de grandes cantidades de objetos', 0, 21);
INSERT INTO answer_option (option_number, answer, correct, question_number) VALUES (3, 'Abstracciones e implementaciones para manejar diferentes tipos de colecciones', 1, 21);
INSERT INTO answer_option (option_number, answer, correct, question_number) VALUES (4, 'Una herramienta para manejar la entrada y salida de datos', 0, 21);

INSERT INTO answer_option (option_number, answer, correct, question_number) VALUES (1, 'String', 0, 22);
INSERT INTO answer_option (option_number, answer, correct, question_number) VALUES (2, 'Array', 0, 22);
INSERT INTO answer_option (option_number, answer, correct, question_number) VALUES (3, 'Queue', 1, 22);
INSERT INTO answer_option (option_number, answer, correct, question_number) VALUES (4, 'Object', 0, 22);

INSERT INTO answer_option (option_number, answer, correct, question_number) VALUES (1, 'Un tipo de colección', 0, 23);
INSERT INTO answer_option (option_number, answer, correct, question_number) VALUES (2, 'Un error en la sintaxis del código', 0, 23);
INSERT INTO answer_option (option_number, answer, correct, question_number) VALUES (3, 'Un evento que interrumpe el flujo normal del programa', 1, 23);
INSERT INTO answer_option (option_number, answer, correct, question_number) VALUES (4, 'Un error que obligatoriamente debe manejarse en el código del programa', 0, 23);

INSERT INTO answer_option (option_number, answer, correct, question_number) VALUES (1, 'add()', 0, 24);
INSERT INTO answer_option (option_number, answer, correct, question_number) VALUES (2, 'insert()', 0, 24);
INSERT INTO answer_option (option_number, answer, correct, question_number) VALUES (3, 'append()', 0, 24);
INSERT INTO answer_option (option_number, answer, correct, question_number) VALUES (4, 'put()', 1, 24);

INSERT INTO answer_option (option_number, answer, correct, question_number) VALUES (1, 'Usando throws en la cabecera del método', 0, 25);
INSERT INTO answer_option (option_number, answer, correct, question_number) VALUES (2, 'Usando un bloque try-catch', 0, 25);
INSERT INTO answer_option (option_number, answer, correct, question_number) VALUES (3, '1 y 2 son correctas', 1, 25);
INSERT INTO answer_option (option_number, answer, correct, question_number) VALUES (4, 'Ninguna de las anteriores', 0, 25);

INSERT INTO answer_option (option_number, answer, correct, question_number) VALUES (1, '''List'' es ordenada y ''Set'' es no ordenada', 0, 26);
INSERT INTO answer_option (option_number, answer, correct, question_number) VALUES (2, 'No hay diferencia', 0, 26);
INSERT INTO answer_option (option_number, answer, correct, question_number) VALUES (3, '''List'' permite valores nulos y ''Set'' no los permite', 0, 26);
INSERT INTO answer_option (option_number, answer, correct, question_number) VALUES (4, '''List'' permite valores duplicados y ''Set'' no los permite', 1, 26);

INSERT INTO answer_option (option_number, answer, correct, question_number) VALUES (1, 'Map', 0, 27);
INSERT INTO answer_option (option_number, answer, correct, question_number) VALUES (2, 'Queue', 0, 27);
INSERT INTO answer_option (option_number, answer, correct, question_number) VALUES (3, 'Array', 1, 27);
INSERT INTO answer_option (option_number, answer, correct, question_number) VALUES (4, 'LinkedList', 0, 27);

INSERT INTO answer_option (option_number, answer, correct, question_number) VALUES (1, 'Un error indicando que un método recibió un argumento inapropiado', 0, 28);
INSERT INTO answer_option (option_number, answer, correct, question_number) VALUES (2, 'La asignación equivocada del valor ''null'' a un objeto', 0, 28);
INSERT INTO answer_option (option_number, answer, correct, question_number) VALUES (3, 'Una excepción lanzada cuando la aplicación intenta usar un objeto que tiene valor ''null''', 1, 28);
INSERT INTO answer_option (option_number, answer, correct, question_number) VALUES (4, 'Un error que ocurre cuando durante la ejecución de un programa se trata de asignar el valor ''null'' a un dato primitivo', 0, 28);

INSERT INTO answer_option (option_number, answer, correct, question_number) VALUES (1, 'List', 0, 29);
INSERT INTO answer_option (option_number, answer, correct, question_number) VALUES (2, 'HashMap', 1, 29);
INSERT INTO answer_option (option_number, answer, correct, question_number) VALUES (3, 'Queue', 0, 29);
INSERT INTO answer_option (option_number, answer, correct, question_number) VALUES (4, 'Set', 0, 29);

INSERT INTO answer_option (option_number, answer, correct, question_number) VALUES (1, 'Se ejecuta si una excepción es atrapada en el bloque ''try-catch''', 0, 30);
INSERT INTO answer_option (option_number, answer, correct, question_number) VALUES (2, 'Es usada para lanzar una nueva excepción', 0, 30);
INSERT INTO answer_option (option_number, answer, correct, question_number) VALUES (3, 'Se ejecuta únicamente si al finalizar el bloque ''try'' no es atrapada ninguna excepción', 0, 30);
INSERT INTO answer_option (option_number, answer, correct, question_number) VALUES (4, 'Es ejecutado al terminar el bloque ''try'' sin importar si se atrapó una excepción o no', 1, 30);

INSERT INTO answer_option (option_number, answer, correct, question_number) VALUES (1, 'Java Driver Connectivity', 0, 31);
INSERT INTO answer_option (option_number, answer, correct, question_number) VALUES (2, 'Java Database Connectivity', 1, 31);
INSERT INTO answer_option (option_number, answer, correct, question_number) VALUES (3, 'Java Database Concurrency', 0, 31);
INSERT INTO answer_option (option_number, answer, correct, question_number) VALUES (4, 'Java Database Control', 0, 31);

INSERT INTO answer_option (option_number, answer, correct, question_number) VALUES (1, 'JDBC Driver', 0, 32);
INSERT INTO answer_option (option_number, answer, correct, question_number) VALUES (2, 'JDBC Statement', 0, 32);
INSERT INTO answer_option (option_number, answer, correct, question_number) VALUES (3, 'JDBC ResulSet', 0, 32);
INSERT INTO answer_option (option_number, answer, correct, question_number) VALUES (4, 'Todos los anteriores', 1, 32);

INSERT INTO answer_option (option_number, answer, correct, question_number) VALUES (1, 'Un lenguaje de programación para diseñar estructuras de datos', 0, 33);
INSERT INTO answer_option (option_number, answer, correct, question_number) VALUES (2, 'Un script para administrar conexiones a bases de datos', 0, 33);
INSERT INTO answer_option (option_number, answer, correct, question_number) VALUES (3, 'Un lenguaje estándar para acceso y manipulación de bases de datos', 1, 33);
INSERT INTO answer_option (option_number, answer, correct, question_number) VALUES (4, 'Un API de Java para programación de bases de datos relacionales', 0, 33);

INSERT INTO answer_option (option_number, answer, correct, question_number) VALUES (1, 'executeQuery()', 1, 34);
INSERT INTO answer_option (option_number, answer, correct, question_number) VALUES (2, 'runQuery()', 0, 34);
INSERT INTO answer_option (option_number, answer, correct, question_number) VALUES (3, 'queryExecute()', 0, 34);
INSERT INTO answer_option (option_number, answer, correct, question_number) VALUES (4, 'executePreparedStatement()', 0, 34);

INSERT INTO answer_option (option_number, answer, correct, question_number) VALUES (1, 'Una sentencia SQL que es ejecutada inmediatamente', 0, 35);
INSERT INTO answer_option (option_number, answer, correct, question_number) VALUES (2, 'Una sentencia SQL que es precompilada en un objeto ''PreparedStatement''', 1, 35);
INSERT INTO answer_option (option_number, answer, correct, question_number) VALUES (3, 'Una sentencia usada para preparar reportes en JDBC', 0, 35);
INSERT INTO answer_option (option_number, answer, correct, question_number) VALUES (4, 'Una clase para manipulación de resultados de una consulta SQL en JDBC', 0, 35);

INSERT INTO answer_option (option_number, answer, correct, question_number) VALUES (1, 'ORDER BY', 0, 36);
INSERT INTO answer_option (option_number, answer, correct, question_number) VALUES (2, 'GROUP BY', 0, 36);
INSERT INTO answer_option (option_number, answer, correct, question_number) VALUES (3, 'WHERE', 1, 36);
INSERT INTO answer_option (option_number, answer, correct, question_number) VALUES (4, 'SET', 0, 36);

INSERT INTO answer_option (option_number, answer, correct, question_number) VALUES (1, 'Permitir el almacenamiento de datos en Java', 0, 37);
INSERT INTO answer_option (option_number, answer, correct, question_number) VALUES (2, 'Permitir la ejecución de código Java en la base de datos', 0, 37);
INSERT INTO answer_option (option_number, answer, correct, question_number) VALUES (3, 'Interconectar una aplicación Java y una base de datos', 1, 37);
INSERT INTO answer_option (option_number, answer, correct, question_number) VALUES (4, 'Convertir consultas SQL en objetos Java y viceversa', 0, 37);

INSERT INTO answer_option (option_number, answer, correct, question_number) VALUES (1, 'DriverManager', 0, 38);
INSERT INTO answer_option (option_number, answer, correct, question_number) VALUES (2, 'Connection', 0, 38);
INSERT INTO answer_option (option_number, answer, correct, question_number) VALUES (3, 'Statement', 0, 38);
INSERT INTO answer_option (option_number, answer, correct, question_number) VALUES (4, 'Select', 1, 38);

INSERT INTO answer_option (option_number, answer, correct, question_number) VALUES (1, 'El resultado de compilación de una consulta SQL', 0, 39);
INSERT INTO answer_option (option_number, answer, correct, question_number) VALUES (2, 'Una conexión a una tabla de la base de datos', 0, 39);
INSERT INTO answer_option (option_number, answer, correct, question_number) VALUES (3, 'El conjunto de datos obtenidos tras ejecutar una consulta SQL', 1, 39);
INSERT INTO answer_option (option_number, answer, correct, question_number) VALUES (4, 'El estado de una operación en una base de datos', 0, 39);

INSERT INTO answer_option (option_number, answer, correct, question_number) VALUES (1, 'Java Processing Application', 0, 40);
INSERT INTO answer_option (option_number, answer, correct, question_number) VALUES (2, 'Java Performance Analyzer', 0, 40);
INSERT INTO answer_option (option_number, answer, correct, question_number) VALUES (3, 'Java Persistance API', 1, 40);
INSERT INTO answer_option (option_number, answer, correct, question_number) VALUES (4, 'Java Protocol Adapter', 0, 40);

INSERT INTO answer_option (option_number, answer, correct, question_number) VALUES (1, 'Administrar y persistir objetos en una base de datos', 1, 41);
INSERT INTO answer_option (option_number, answer, correct, question_number) VALUES (2, 'Mejorar el desempeño de las aplicaciones Java', 0, 41);
INSERT INTO answer_option (option_number, answer, correct, question_number) VALUES (3, 'Manejar las conexiones de red desde Java', 0, 41);
INSERT INTO answer_option (option_number, answer, correct, question_number) VALUES (4, 'Generar consultas SQL para aplicaciones web', 0, 41);

INSERT INTO answer_option (option_number, answer, correct, question_number) VALUES (1, 'Una clase en Java que representa una conexión a una base de datos', 0, 42);
INSERT INTO answer_option (option_number, answer, correct, question_number) VALUES (2, 'Una clase de Java que se asigna a una tabla en una base de datos', 1, 42);
INSERT INTO answer_option (option_number, answer, correct, question_number) VALUES (3, 'Una interfaz en Java para manejar la persistencia en una base de datos', 0, 42);
INSERT INTO answer_option (option_number, answer, correct, question_number) VALUES (4, 'Una consulta en JPQL para permitir la persistencia de datos', 0, 42);

INSERT INTO answer_option (option_number, answer, correct, question_number) VALUES (1, 'Una llave usada para la encriptación de datos en una base de datos relacional', 0, 43);
INSERT INTO answer_option (option_number, answer, correct, question_number) VALUES (2, 'El campo principal usado en consultas SQL', 0, 43);
INSERT INTO answer_option (option_number, answer, correct, question_number) VALUES (3, 'El método principal por el que se organizan los datos en una base de datos relacional', 0, 43);
INSERT INTO answer_option (option_number, answer, correct, question_number) VALUES (4, 'Un identificador único de cada registro en una tabla de una base de datos relacional', 1, 43);

INSERT INTO answer_option (option_number, answer, correct, question_number) VALUES (1, 'Creando una consulta en JPQL para determinar las relaciones entre las tablas', 0, 44);
INSERT INTO answer_option (option_number, answer, correct, question_number) VALUES (2, 'A través de la definición de un diagrama de relaciones', 0, 44);
INSERT INTO answer_option (option_number, answer, correct, question_number) VALUES (3, 'A través de variables de clase y anotaciones especiales en ellas', 1, 44);
INSERT INTO answer_option (option_number, answer, correct, question_number) VALUES (4, 'Ninguna de las anteriores', 0, 44);

INSERT INTO answer_option (option_number, answer, correct, question_number) VALUES (1, 'REMOVE', 0, 45);
INSERT INTO answer_option (option_number, answer, correct, question_number) VALUES (2, 'DROP', 0, 45);
INSERT INTO answer_option (option_number, answer, correct, question_number) VALUES (3, 'DELETE', 1, 45);
INSERT INTO answer_option (option_number, answer, correct, question_number) VALUES (4, 'TRUNCATE', 0, 45);

INSERT INTO answer_option (option_number, answer, correct, question_number) VALUES (1, 'Manejar la persistencia y obtención de entidades', 1, 46);
INSERT INTO answer_option (option_number, answer, correct, question_number) VALUES (2, 'Manejar la ejecución de consultas SQL', 0, 46);
INSERT INTO answer_option (option_number, answer, correct, question_number) VALUES (3, 'Establecer la conexión con la base de datos', 0, 46);
INSERT INTO answer_option (option_number, answer, correct, question_number) VALUES (4, 'Encriptar y asegurar los datos de una base de datos', 0, 46);

INSERT INTO answer_option (option_number, answer, correct, question_number) VALUES (1, '@PrimaryKey', 0, 47);
INSERT INTO answer_option (option_number, answer, correct, question_number) VALUES (2, '@Key', 0, 47);
INSERT INTO answer_option (option_number, answer, correct, question_number) VALUES (3, '@Id', 1, 47);
INSERT INTO answer_option (option_number, answer, correct, question_number) VALUES (4, '@EntityId', 0, 47);

INSERT INTO answer_option (option_number, answer, correct, question_number) VALUES (1, 'Concatenar strings en diferentes columnas', 0, 48);
INSERT INTO answer_option (option_number, answer, correct, question_number) VALUES (2, 'Combinar filas de dos o más tablas', 1, 48);
INSERT INTO answer_option (option_number, answer, correct, question_number) VALUES (3, 'Para unir múltiples sentencias SQL en una sola', 0, 48);
INSERT INTO answer_option (option_number, answer, correct, question_number) VALUES (4, 'Agregar nuevas columnas en una tabla existente', 0, 48);

INSERT INTO answer_option (option_number, answer, correct, question_number) VALUES (1, 'Usando la anotacion ''@Transaction''', 0, 49);
INSERT INTO answer_option (option_number, answer, correct, question_number) VALUES (2, 'Usando la anotacion ''@Transactional''', 0, 49);
INSERT INTO answer_option (option_number, answer, correct, question_number) VALUES (3, 'Manualmente iniciando y confirmando la transacción', 1, 49);
INSERT INTO answer_option (option_number, answer, correct, question_number) VALUES (4, 'Las transacciones son automáticamente manejadas por JPA', 0, 49);

INSERT INTO answer_option (option_number, answer, correct, question_number) VALUES (1, 'Administración de bases de datos en Java', 0, 50);
INSERT INTO answer_option (option_number, answer, correct, question_number) VALUES (2, 'Pruebas de seguridad en redes en Java', 0, 50);
INSERT INTO answer_option (option_number, answer, correct, question_number) VALUES (3, 'Realización de pruebas unitarias en Java', 1, 50);
INSERT INTO answer_option (option_number, answer, correct, question_number) VALUES (4, 'Desarrollo de aplicaciones web en Java', 0, 50);

INSERT INTO answer_option (option_number, answer, correct, question_number) VALUES (1, '@Test', 1, 51);
INSERT INTO answer_option (option_number, answer, correct, question_number) VALUES (2, '@TestMethod', 0, 51);
INSERT INTO answer_option (option_number, answer, correct, question_number) VALUES (3, '@Testing', 0, 51);
INSERT INTO answer_option (option_number, answer, correct, question_number) VALUES (4, '@TestCase', 0, 51);

INSERT INTO answer_option (option_number, answer, correct, question_number) VALUES (1, 'Comprueba si dos valores son iguales', 1, 52);
INSERT INTO answer_option (option_number, answer, correct, question_number) VALUES (2, 'Compara la eficiencia de dos algoritmos', 0, 52);
INSERT INTO answer_option (option_number, answer, correct, question_number) VALUES (3, 'Verifica que un método se ejecute sin errores', 0, 52);
INSERT INTO answer_option (option_number, answer, correct, question_number) VALUES (4, 'Asegura que un método complete su ejecución', 0, 52);

INSERT INTO answer_option (option_number, answer, correct, question_number) VALUES (1, 'Un framework para el desarrollo de pruebas en aplicaciones Java', 0, 53);
INSERT INTO answer_option (option_number, answer, correct, question_number) VALUES (2, 'Un framework para desarrollar aplicaciones de escritorio en Java', 0, 53);
INSERT INTO answer_option (option_number, answer, correct, question_number) VALUES (3, 'Un framework de Java que simplifica el desarrollo de aplicaciones', 1, 53);
INSERT INTO answer_option (option_number, answer, correct, question_number) VALUES (4, 'Un administrador de paquetes de Java', 0, 53);

INSERT INTO answer_option (option_number, answer, correct, question_number) VALUES (1, 'Proveer plantillas para páginas HTML', 0, 54);
INSERT INTO answer_option (option_number, answer, correct, question_number) VALUES (2, 'Administrar conexiones a bases de datos', 0, 54);
INSERT INTO answer_option (option_number, answer, correct, question_number) VALUES (3, 'Facilitar la creación de aplicaciones web', 1, 54);
INSERT INTO answer_option (option_number, answer, correct, question_number) VALUES (4, 'Automatizar el proceso de construcción de aplicaciones Java', 0, 54);

INSERT INTO answer_option (option_number, answer, correct, question_number) VALUES (1, '@RestControler', 0, 55);
INSERT INTO answer_option (option_number, answer, correct, question_number) VALUES (2, '@Controller', 0, 55);
INSERT INTO answer_option (option_number, answer, correct, question_number) VALUES (3, '1 y 2 son correctas', 1, 55);
INSERT INTO answer_option (option_number, answer, correct, question_number) VALUES (4, 'Ninguna de las anteriores', 0, 55);

INSERT INTO answer_option (option_number, answer, correct, question_number) VALUES (1, 'Para asignar solicitudes web a métodos del controlador', 1, 56);
INSERT INTO answer_option (option_number, answer, correct, question_number) VALUES (2, 'Para redireccioner solicitudes web a páginas HTML', 0, 56);
INSERT INTO answer_option (option_number, answer, correct, question_number) VALUES (3, 'Para solicitar datos de la base de datos', 0, 56);
INSERT INTO answer_option (option_number, answer, correct, question_number) VALUES (4, 'Para asociar consultas SQL a métodos de Java', 0, 56);

INSERT INTO answer_option (option_number, answer, correct, question_number) VALUES (1, 'Compila automáticamente el código Java', 0, 57);
INSERT INTO answer_option (option_number, answer, correct, question_number) VALUES (2, 'Ejecuta el archivo ''application.properties''', 0, 57);
INSERT INTO answer_option (option_number, answer, correct, question_number) VALUES (3, 'Establece las variables de entorno usadas en Spring Boot', 0, 57);
INSERT INTO answer_option (option_number, answer, correct, question_number) VALUES (4, 'Inyecta dependencias de objetos en clases', 1, 57);

INSERT INTO answer_option (option_number, answer, correct, question_number) VALUES (1, 'Un proceso para inyectar manualmente dependencias en una clase', 0, 58);
INSERT INTO answer_option (option_number, answer, correct, question_number) VALUES (2, 'Una herramienta para analizar y optimizar las dependencias en aplicaciones Spring Boot', 0, 58);
INSERT INTO answer_option (option_number, answer, correct, question_number) VALUES (3, 'La habilidad del framework de insertar objetos automáticamente dentro de una clase', 1, 58);
INSERT INTO answer_option (option_number, answer, correct, question_number) VALUES (4, 'Un método para eliminar las dependencias innecesarias', 0, 58);

INSERT INTO answer_option (option_number, answer, correct, question_number) VALUES (1, '@RestController', 0, 59);
INSERT INTO answer_option (option_number, answer, correct, question_number) VALUES (2, '@Service', 0, 59);
INSERT INTO answer_option (option_number, answer, correct, question_number) VALUES (3, '@Repository', 1, 59);
INSERT INTO answer_option (option_number, answer, correct, question_number) VALUES (4, '@Entity', 0, 59);

INSERT INTO answer_option (option_number, answer, correct, question_number) VALUES (1, '@EnableSpringSecurity', 0, 60);
INSERT INTO answer_option (option_number, answer, correct, question_number) VALUES (2, '@Security', 0, 60);
INSERT INTO answer_option (option_number, answer, correct, question_number) VALUES (3, '@EnableWebSecurity', 1, 60);
INSERT INTO answer_option (option_number, answer, correct, question_number) VALUES (4, '@SpringSecurityConfiguration', 0, 60);

INSERT INTO quote (id, author, text) VALUES (1, 'Chris Pine', 'La programación no se trata de lo que sabes; se trata de lo que puedes averiguar.');
INSERT INTO quote (id, author, text) VALUES (2, 'John Romero', 'La programación es una profesión extremadamente creativa. Es creatividad basada en la lógica.');
INSERT INTO quote (id, author, text) VALUES (3, 'Oscar Wilde', 'Experiencia es el nombre que todos dan a sus errores.');
INSERT INTO quote (id, author, text) VALUES (4, 'Brian Kernighan', 'La programación se aprende escribiendo programas.');
INSERT INTO quote (id, author, text) VALUES (5, 'John Johnson', 'Primero, resuelve el problema. Luego, escribe el código.');
INSERT INTO quote (id, author, text) VALUES (6, 'Martin Fowler', 'Los buenos programadores escriben código que los humanos puedan entender.');
INSERT INTO quote (id, author, text) VALUES (7, 'Linus Torlvads', 'La mayoría de los buenos programadores programan no porque esperan ser pagados o recibir adulación del público, sino porque es divertido programar.');
INSERT INTO quote (id, author, text) VALUES (8, 'Desconocido', 'En software, la simplicidad y la claridad son mucho más valiosas que ser ingenioso.');
INSERT INTO quote (id, author, text) VALUES (9, 'John Johnson', 'Para tener éxito, hay que ser creativo y persistente.');
INSERT INTO quote (id, author, text) VALUES (10, 'Desconocido', 'El primer paso de cualquier proyecto es convencer a tu cerebro de que no es imposible.');
INSERT INTO quote (id, author, text) VALUES (11, 'Desconocido', 'Las herramientas no hacen buenos programas, los buenos programadores hacen buenos programas.');
INSERT INTO quote (id, author, text) VALUES (12, 'Anders Hejlsberg', 'Solo porque la gente te cuenta que no es posible, no necesariamente significa que es imposible. Solo significa que ellos no pueden hacerlo.');
INSERT INTO quote (id, author, text) VALUES (13, 'Edsger Dijkstra', 'La simplicidad es un requisito previo para la fiabilidad.');
INSERT INTO quote (id, author, text) VALUES (14, 'Bill Gates', 'Medir la programación por líneas de código es como medir el progreso de la construcción de un avión por su peso.');
INSERT INTO quote (id, author, text) VALUES (15, 'Grace Hopper', 'Lo más peligroso es decir ''siempre hemos hecho las cosas de esta manera''.');
INSERT INTO quote (id, author, text) VALUES (16, 'Desconocido', 'Si piensas que eres un buen programador... prueba a enseñar a alguien más tu código.');
INSERT INTO quote (id, author, text) VALUES (17, 'Desconocido', 'El verdadero arte de la programación no es escribir muchas líneas de código, sino cómo resolver problemas complejos de la manera más simple.');
INSERT INTO quote (id, author, text) VALUES (18, 'Andy Hunt', 'Nadie en la breve historia de la informática ha escrito nunca un software perfecto. Es poco probable que seas el primero.');
INSERT INTO quote (id, author, text) VALUES (19, 'Bjarne Stroustrup', 'El aspecto más importante del desarrollo de software es tener claro lo que estás tratando de construir.');
INSERT INTO quote (id, author, text) VALUES (20, 'Desconocido', 'Para entender la recursión, primero debes entender la recursión.');
INSERT INTO quote (id, author, text) VALUES (21, 'Desconocido', 'Los errores no son fracasos; son el proceso de aprendizaje y mejora.');
INSERT INTO quote (id, author, text) VALUES (22, 'Juan Duarte', 'Encuentra el repositorio de esta aplicación acá: https://github.com/juan-duarte-a/quizz.git');
